<System>
  <MCU>
    <MCUNumber>7</MCUNumber>
    <MCU0>
      <MCUName>HC32L15xxA</MCUName>
      <FlashAddress>0x00000000</FlashAddress>
      <PageCount>256</PageCount>
      <PageSize>512</PageSize>
      <BinFile>m_flash.hc001</BinFile>
      <RAMCodeAdd>0x20000000</RAMCodeAdd>
      <MainCR>4000000</MainCR>
      <CRTrimmingAdd>0x100004</CRTrimmingAdd>
      <CRTrimmingLength>16</CRTrimmingLength>
      <UIDAdd>0x40000100</UIDAdd>
      <UIDLength>0x0c</UIDLength>
      <UID>ff000000ff000000ff000000</UID>
      <UserArea>ffffffffffffffff0008600008670000</UserArea>
      <DealWay>0</DealWay>
    </MCU0>
    <MCU1>
      <MCUName>HC32L15xx8</MCUName>
      <FlashAddress>0x00000000</FlashAddress>
      <PageCount>128</PageCount>
      <PageSize>512</PageSize>
      <BinFile>m_flash.hc001</BinFile>
      <RAMCodeAdd>0x20000000</RAMCodeAdd>
      <MainCR>4000000</MainCR>
      <CRTrimmingAdd>0x100004</CRTrimmingAdd>
      <CRTrimmingLength>16</CRTrimmingLength>
      <UIDAdd>0x40000100</UIDAdd>
      <UIDLength>0x0c</UIDLength>
      <UID>ff000000ff000000ff000000</UID>
      <UserArea>00414200000000000008bd0000000000</UserArea>
      <DealWay>0</DealWay>
    </MCU1>
    <MCU2>
      <MCUName>HC32F146xA/HC32M140xA</MCUName>
      <FlashAddress>0x00000000</FlashAddress>
      <PageCount>256</PageCount>
      <PageSize>512</PageSize>
      <BinFile>m_flash.hc001</BinFile>
      <RAMCodeAdd>0x20000000</RAMCodeAdd>
      <MainCR>4000000</MainCR>
      <CRTrimmingAdd>0x100004</CRTrimmingAdd>
      <CRTrimmingLength>16</CRTrimmingLength>
      <UIDAdd>0x40000100</UIDAdd>
      <UIDLength>0x0c</UIDLength>
      <UID>ff000000ff000000ff000000</UID>
      <UserArea>ffffffffffffffff0008600008670000</UserArea>
      <DealWay>0</DealWay>
    </MCU2>
    <MCU3>
      <MCUName>HC32F146x8/HC32M140x8</MCUName>
      <FlashAddress>0x00000000</FlashAddress>
      <PageCount>128</PageCount>
      <PageSize>512</PageSize>
      <BinFile>m_flash.hc001</BinFile>
      <RAMCodeAdd>0x20000000</RAMCodeAdd>
      <MainCR>4000000</MainCR>
      <CRTrimmingAdd>0x100004</CRTrimmingAdd>
      <CRTrimmingLength>16</CRTrimmingLength>
      <UIDAdd>0x40000100</UIDAdd>
      <UIDLength>0x0c</UIDLength>
      <UID>ff000000ff000000ff000000</UID>
      <UserArea>00414200000000000008bd0000000000</UserArea>
      <DealWay>0</DealWay>
    </MCU3>
    <MCU4>
      <MCUName>HC32L136x8/HC32L130x8</MCUName>
      <FlashAddress>0x00000000</FlashAddress>
      <PageCount>128</PageCount>
      <PageSize>512</PageSize>
      <BinFile>m_flash.hc006</BinFile>
      <RAMCodeAdd>0x20000000</RAMCodeAdd>
      <MainCR>4000000</MainCR>
      <CRTrimmingAdd>0x100004</CRTrimmingAdd>
      <CRTrimmingLength>16</CRTrimmingLength>
      <UIDAdd>0x40000100</UIDAdd>
      <UIDLength>0x0c</UIDLength>
      <UID>ff000000ff000000ff000000</UID>
      <UserArea>00414200000000000008bd0000000000</UserArea>
      <DealWay>1</DealWay>
    </MCU4>
    <MCU5>
      <MCUName>HC32F030x8</MCUName>
      <FlashAddress>0x00000000</FlashAddress>
      <PageCount>128</PageCount>
      <PageSize>512</PageSize>
      <BinFile>m_flash.hc006</BinFile>
      <RAMCodeAdd>0x20000000</RAMCodeAdd>
      <MainCR>4000000</MainCR>
      <CRTrimmingAdd>0x100004</CRTrimmingAdd>
      <CRTrimmingLength>16</CRTrimmingLength>
      <UIDAdd>0x40000100</UIDAdd>
      <UIDLength>0x0c</UIDLength>
      <UID>ff000000ff000000ff000000</UID>
      <UserArea>00414200000000000008bd0000000000</UserArea>
      <DealWay>1</DealWay>
    </MCU5>
    <MCU6>
      <MCUName>HC32F460xExx</MCUName>
      <FlashAddress>0x00000000</FlashAddress>
      <PageCount>64</PageCount>
      <PageSize>8192</PageSize>
      <BinFile>m_flash.hc010</BinFile>
      <RAMCodeAdd>0x1FFF8000</RAMCodeAdd>
      <MainCR>48000000</MainCR>
      <CRTrimmingAdd>0x03000000</CRTrimmingAdd>
      <CRTrimmingLength>8192</CRTrimmingLength>
      <UIDAdd>0x40000100</UIDAdd>
      <UIDLength>0x0c</UIDLength>
      <UID>ff000000ff000000ff000000</UID>
      <UserArea>00414200000000000008bd0000000000</UserArea>
    </MCU6>
  </MCU>
</System>